tier,categoria,decisao,pmid,doi,ano,revista,primeiro_autor,tipo,titulo,nota_triagem,url
A1,A1 - Desfecho CV clínico (eventos/mortalidade) estratificado pelo início da PE,Inclusão prioritária,38563390,10.1161/JAHA.123.033252,2024,J Am Heart Assoc,Lailler G,"Journal Article; Research Support, Non-U.S. Gov't","Early Mortality, Cardiovascular, and Renal Diseases in Women's Lives Following Hypertensive Disorders of Pregnancy: The Prospective Nationwide Study CONCEPTION.","Coorte nacional francesa CONCEPTION, 2.819.655 mulheres: avalia explicitamente ocorrência, recorrência, TEMPO DE INÍCIO e gravidade das DHEG contra mortalidade e um amplo espectro de desfechos CV.",https://pubmed.ncbi.nlm.nih.gov/38563390/
A1,A1 - Desfecho CV clínico (eventos/mortalidade) estratificado pelo início da PE,Inclusão prioritária,26391409,10.1161/CIRCULATIONAHA.113.003901,2015,Circulation,Cirillo PM,"Journal Article; Multicenter Study; Research Support, N.I.H., Extramural",Pregnancy complications and cardiovascular disease death: 50-year follow-up of the Child Health and Development Studies pregnancy cohort.,"CHDS, 14.062 mulheres, 50 anos de seguimento: PE tardia HR 2,0 (IC 95% 1,2–3,5) para morte CV; PE precoce (≤ 34 sem) prediz morte CV prematura (efeito idade-dependente).",https://pubmed.ncbi.nlm.nih.gov/26391409/
A2,"A2 - Aterosclerose e estrutura/função CV subclínica, PE precoce vs tardia",Inclusão prioritária,38588914,10.1016/j.ajogmf.2024.101371,2024,Am J Obstet Gynecol MFM,Hauge MG,"Journal Article; Research Support, Non-U.S. Gov't",Early-onset vs late-onset preeclampsia and risk of coronary atherosclerosis later in life: a clinical follow-up study.,"ESTUDO-CHAVE. 911 mulheres com PE prévia (139 precoce vs 772 tardia), angio-TC coronariana ~13 anos após o parto: compara diretamente o risco de aterosclerose coronariana entre precoce e tardia.",https://pubmed.ncbi.nlm.nih.gov/38588914/
A2,"A2 - Aterosclerose e estrutura/função CV subclínica, PE precoce vs tardia",Inclusão prioritária,30527125,10.1016/j.preghy.2018.07.001,2018,Pregnancy Hypertens,Clemmensen TS,Evaluation Study; Journal Article,Long-term follow-up of women with early onset pre-eclampsia shows subclinical impairment of the left ventricular function by two-dimensional speckle tracking echocardiography.,"EOPE (31) vs LOPE (22) vs controles (40), mediana de 12 anos: strain longitudinal global do VE significativamente pior na PE precoce do que na tardia e nos controles.",https://pubmed.ncbi.nlm.nih.gov/30527125/
A2,"A2 - Aterosclerose e estrutura/função CV subclínica, PE precoce vs tardia",Inclusão prioritária,28542803,10.1111/aogs.13173,2017,Acta Obstet Gynecol Scand,Christensen M,Journal Article; Observational Study,Early gestational age at preeclampsia onset is associated with subclinical atherosclerosis 12 years after delivery.,"EOPE (24) vs LOPE (24) vs normotensas (24), pareadas por idade, 12 anos após o parto: placa carotídea, EMI, VOP aórtica e índice de aumento. O grupo precoce teve os piores valores em todos os desfechos.",https://pubmed.ncbi.nlm.nih.gov/28542803/
A2,"A2 - Aterosclerose e estrutura/função CV subclínica, PE precoce vs tardia",Inclusão prioritária,23045462,10.1161/HYPERTENSIONAHA.112.198366,2012,Hypertension,Lazdam M,"Journal Article; Research Support, Non-U.S. Gov't",Unique blood pressure characteristics in mother and offspring after early onset preeclampsia.,"EOPE (45) vs LOPE (45) vs normotensas (50), 6–13 anos: PA diastólica pós-parto, incremento de PA e PA noturna maiores na PE precoce. Inclui a prole.",https://pubmed.ncbi.nlm.nih.gov/23045462/
A2,"A2 - Aterosclerose e estrutura/função CV subclínica, PE precoce vs tardia",Inclusão prioritária,26105355,10.1016/j.preghy.2012.04.143,2012,Pregnancy Hypertens,Lazdam M,Journal Article,PP032. Unique features of long-term cardiovascular phenotype in young women with early-onset pre-eclampsia.,"Resumo de congresso (PP032) da mesma coorte de Lazdam: fenótipo CV de longo prazo comparando PE precoce, tardia e gestação normal (lipídios, rigidez arterial, EMI, RM cardíaca).",https://pubmed.ncbi.nlm.nih.gov/26105355/
A2,"A2 - Aterosclerose e estrutura/função CV subclínica, PE precoce vs tardia",Inclusão prioritária,20956209,10.1161/CIRCULATIONAHA.110.948455,2010,Circulation,Yinon Y,"Journal Article; Research Support, Non-U.S. Gov't",Vascular dysfunction in women with a history of preeclampsia and intrauterine growth restriction: insights into future vascular risk.,"EOPE (15) vs LOPE (9) vs RCIU (9) vs normotensas (16), 6–24 meses pós-parto: dilatação fluxo-mediada reduzida apenas na PE precoce e na RCIU.",https://pubmed.ncbi.nlm.nih.gov/20956209/
A3,"A3 - Fatores de risco CV e biomarcadores pós-parto, PE precoce vs tardia",Inclusão prioritária,37481613,10.1038/s41371-023-00849-3,2023,J Hum Hypertens,Xue Q,"Journal Article; Research Support, Non-U.S. Gov't",Analysis of postpartum hypertension in women with preeclampsia.,188 mulheres: hipertensão pós-parto persistente ou recorrente mais frequente após PE precoce ou grave do que após PE tardia ou leve (desfecho de curto prazo).,https://pubmed.ncbi.nlm.nih.gov/37481613/
A3,"A3 - Fatores de risco CV e biomarcadores pós-parto, PE precoce vs tardia",Inclusão prioritária,36148698,10.1016/j.preghy.2022.09.003,2022,Pregnancy Hypertens,Jacobsen DP,Journal Article,Circulating cardiovascular biomarkers during and after preeclampsia: Crosstalk with placental function?,"417 gestantes (55 EO-PE, 63 LO-PE, 30 HIG, 269 controles) e 341 mulheres 1 ou 3 anos pós-parto: cTnT, NT-proBNP e GDF-15. O GDF-15 permanece elevado após PE precoce.",https://pubmed.ncbi.nlm.nih.gov/36148698/
A3,"A3 - Fatores de risco CV e biomarcadores pós-parto, PE precoce vs tardia",Inclusão prioritária,30688668,10.1097/NMC.0000000000000502,2019,MCN Am J Matern Child Nurs,Burgess A,Journal Article,Association Between Lactation and Postpartum Blood Pressure in Women with Preeclampsia.,"120 EOPE vs 126 LOPE: lactação e pressão arterial na consulta pós-parto inicial, comparadas entre os dois subtipos.",https://pubmed.ncbi.nlm.nih.gov/30688668/
A3,"A3 - Fatores de risco CV e biomarcadores pós-parto, PE precoce vs tardia",Inclusão prioritária,25561694,10.1161/HYPERTENSIONAHA.114.04850,2015,Hypertension,Veerbeek JH,"Comparative Study; Journal Article; Research Support, Non-U.S. Gov't","Cardiovascular disease risk factors after early-onset preeclampsia, late-onset preeclampsia, and pregnancy-induced hypertension.","ESTUDO-CHAVE. 448 EOPE vs 76 LOPE vs 224 HIG: glicemia, insulina, triglicérides, colesterol total e prevalência de hipertensão pós-parto significativamente maiores após PE precoce.",https://pubmed.ncbi.nlm.nih.gov/25561694/
A3,"A3 - Fatores de risco CV e biomarcadores pós-parto, PE precoce vs tardia",Inclusão prioritária,26105237,10.1016/j.preghy.2012.04.024,2012,Pregnancy Hypertens,Breimer AY,Journal Article,"OS023. Postpartum cardiovascular disease risk factors in women with ahistory of early onset preeclampsia, late onset preeclampsia and pregnancy induced hypertension.",Resumo de congresso (OS023). 81 EOPE vs 76 LOPE vs 229 HIG vs 79 controles: o aumento dos fatores de risco CV foi correlacionado com a gravidade e o tempo de início da doença.,https://pubmed.ncbi.nlm.nih.gov/26105237/
B1,"B1 - PE precoce (I) vs controles normotensas, desfecho CV pós-parto",Evidência indireta,40058980,10.1080/14767058.2025.2459302,2025,J Matern Fetal Neonatal Med,Domínguez Del Olmo P,Journal Article; Observational Study,Cardiovascular disease in women with early-onset preeclampsia: a matched case-control study.,"50 EOPE vs 50 controles pareadas, 3–12 anos após o parto: eventos CV por Kaplan-Meier, aterosclerose subclinica, MAPA 24h, Framingham 10/30 anos. Sem braço de PE tardia.",https://pubmed.ncbi.nlm.nih.gov/40058980/
B1,"B1 - PE precoce (I) vs controles normotensas, desfecho CV pós-parto",Evidência indireta,40673014,10.61622/rbgo/2025rbgo38,2025,Rev Bras Ginecol Obstet,Tallarico GM,Journal Article; Observational Study,Early preeclampsia is associated with persistence of hypertension 3 months postpartum in women: an observational study at a tertiary hospital in Brazil.,"24 puérperas brasileiras: PE precoce com risco 2,36x de hipertensão persistente aos 3 meses pós-parto.",https://pubmed.ncbi.nlm.nih.gov/40673014/
B1,"B1 - PE precoce (I) vs controles normotensas, desfecho CV pós-parto",Evidência indireta,41250989,10.1161/HYPERTENSIONAHA.125.25054,2025,Hypertension,Keitaanpää N,Journal Article,Impact of Preeclampsia Duration on Long-Term Cardiovascular Disease Risk.,"FINNPEC (n=1.139) e FinnGen (n=3.603): duração entre diagnóstico de PE e parto associada a DCV composta antes dos 55 anos (HR 1,02/dia). Exposicao e a duração, não o subtipo precoce/tardio.",https://pubmed.ncbi.nlm.nih.gov/41250989/
B1,"B1 - PE precoce (I) vs controles normotensas, desfecho CV pós-parto",Evidência indireta,37470772,10.1161/HYPERTENSIONAHA.122.19187,2023,Hypertension,Mohseni-Alsalhi Z,Journal Article; Observational Study,Prediction Model Based on Easily Available Markers for Aberrant Cardiac Remodeling in Women After Pregnancy.,"1.397 mulheres, 6 meses a 30 anos pós-parto: modelo preditivo de remodelamento cardíaco aberrante que inclui PE precoce como preditor.",https://pubmed.ncbi.nlm.nih.gov/37470772/
B1,"B1 - PE precoce (I) vs controles normotensas, desfecho CV pós-parto",Evidência indireta,32085575,10.3390/cells9020468,2020,Cells,Meeuwsen JAL,"Journal Article; Research Support, Non-U.S. Gov't",Circulating Neutrophils Do Not Predict Subclinical Coronary Artery Disease in Women with Former Preeclampsia.,90 mulheres 10–20 anos após PE precoce: neutrofilos circulantes e doença arterial coronariana subclinica por angio-TC (escore de cálcio).,https://pubmed.ncbi.nlm.nih.gov/32085575/
B1,"B1 - PE precoce (I) vs controles normotensas, desfecho CV pós-parto",Evidência indireta,32890270,10.1097/HJH.0000000000002497,2020,J Hypertens,Muijsers HEC,"Journal Article; Research Support, Non-U.S. Gov't",High-sensitivity cardiac troponin I in women with a history of early-onset preeclampsia.,"Coorte PREVFEM, 177 EOPE vs 162 controles, 9–10 anos: troponina I ultrassensível.",https://pubmed.ncbi.nlm.nih.gov/32890270/
B1,"B1 - PE precoce (I) vs controles normotensas, desfecho CV pós-parto",Evidência indireta,31136991,10.2741/4791,2019,Front Biosci (Landmark Ed),Birukov A,"Journal Article; Research Support, Non-U.S. Gov't",Regulatory antibodies against GPCR in women ten years after early-onset preeclampsia.,"Coorte PREVFEM, 485 amostras, 8–11 anos após PE precoce: autoanticorpos anti-GPCR e pressão arterial.",https://pubmed.ncbi.nlm.nih.gov/31136991/
B1,"B1 - PE precoce (I) vs controles normotensas, desfecho CV pós-parto",Evidência indireta,31487630,10.1016/j.preghy.2019.05.020,2019,Pregnancy Hypertens,Asali A,Evaluation Study; Journal Article,Can we predict the need for antihypertensive treatment during the early postpartum period for women with preeclampsia or gestational hypertension?,"358 mulheres: PE/HIG de início precoce em 28,6% das que precisaram de anti-hipertensivo no pós-parto imediato vs 4,1% das que não precisaram.",https://pubmed.ncbi.nlm.nih.gov/31487630/
B1,"B1 - PE precoce (I) vs controles normotensas, desfecho CV pós-parto",Evidência indireta,29894501,10.1371/journal.pone.0198908,2018,PLoS One,Bokslag A,"Journal Article; Observational Study; Research Support, Non-U.S. Gov't",Early-onset preeclampsia predisposes to preclinical diastolic left ventricular dysfunction in the fifth decade of life: An observational study.,"131 EOPE vs 56 normotensas, 9–16 anos: disfunção diastólica pre-clínica do VE na quinta decada de vida (precursora de ICFEP).",https://pubmed.ncbi.nlm.nih.gov/29894501/
B1,"B1 - PE precoce (I) vs controles normotensas, desfecho CV pós-parto",Evidência indireta,30825907,10.1016/j.preghy.2018.12.009,2018,Pregnancy Hypertens,Horjus DL,Journal Article,Creatine kinase and blood pressure in women with a history of early-onset preeclampsia.,"117 EOPE vs 50 controles, 9–16 anos: creatinoquinase e pressão arterial.",https://pubmed.ncbi.nlm.nih.gov/30825907/
B1,"B1 - PE precoce (I) vs controles normotensas, desfecho CV pós-parto",Evidência indireta,28209494,10.1016/j.ajog.2017.02.015,2017,Am J Obstet Gynecol,Bokslag A,"Journal Article; Observational Study; Research Support, Non-U.S. Gov't",Effect of early-onset preeclampsia on cardiovascular risk in the fifth decade of life.,"EOPE vs normotensas, 9–16 anos: prevalência de fatores de risco CV e de doença CV já estabelecida na quinta decada de vida.",https://pubmed.ncbi.nlm.nih.gov/28209494/
B1,"B1 - PE precoce (I) vs controles normotensas, desfecho CV pós-parto",Evidência indireta,29150171,10.1016/j.maturitas.2017.09.007,2017,Maturitas,Zoet GA,Journal Article,Similar pro-NT and pro-RLX2 levels after preeclampsia and after uncomplicated pregnancy.,"Coorte PREVFEM, 339 EOPE vs 327 controles, 10 anos: pro-neurotensina e pro-relaxina 2.",https://pubmed.ncbi.nlm.nih.gov/29150171/
B1,"B1 - PE precoce (I) vs controles normotensas, desfecho CV pós-parto",Evidência indireta,26711734,10.1161/HYPERTENSIONAHA.115.06455,2015,Hypertension,van Rijn BB,"Journal Article; Research Support, Non-U.S. Gov't",Postpartum Circulating Markers of Inflammation and the Systemic Acute-Phase Response After Early-Onset Preeclampsia.,"44 mulheres após PE precoce grave vs 29 controles, 1,5–3,5 anos: marcadores inflamatórios e resposta de fase aguda.",https://pubmed.ncbi.nlm.nih.gov/26711734/
B1,"B1 - PE precoce (I) vs controles normotensas, desfecho CV pós-parto",Evidência indireta,25200856,10.1111/aogs.12499,2014,Acta Obstet Gynecol Scand,Blaauw J,"Journal Article; Research Support, Non-U.S. Gov't",Follow up of intima-media thickness after severe early-onset preeclampsia.,17 casos vs 16 controles: EMI carotídea e femoral 4–5 anos após PE precoce grave (seguimento do estudo de 2006).,https://pubmed.ncbi.nlm.nih.gov/25200856/
B1,"B1 - PE precoce (I) vs controles normotensas, desfecho CV pós-parto",Evidência indireta,23635741,10.1097/AOG.0b013e31828ea3b5,2013,Obstet Gynecol,van Rijn BB,"Journal Article; Research Support, Non-U.S. Gov't",Cardiovascular disease risk factors in women with a history of early-onset preeclampsia.,243 primíparas após PE precoce vs 374 controles: fatores de risco CV maiores e risco absoluto de 10 anos (Framingham).,https://pubmed.ncbi.nlm.nih.gov/23635741/
B1,"B1 - PE precoce (I) vs controles normotensas, desfecho CV pós-parto",Evidência indireta,22749786,10.1016/j.maturitas.2012.06.006,2012,Maturitas,Drost JT,Journal Article,Electrocardiographic parameters in women ten years post-early preeclampsia.,"Coorte PREVFEM, 339 EOPE vs 332 controles, 10 anos: parametros eletrocardiográficos.",https://pubmed.ncbi.nlm.nih.gov/22749786/
B1,"B1 - PE precoce (I) vs controles normotensas, desfecho CV pós-parto",Evidência indireta,22952728,10.1371/journal.pone.0043637,2012,PLoS One,Gaugler-Senden IP,Journal Article,Angiogenic factors in women ten years after severe very early onset preeclampsia.,"16 casos vs 18 controles, ~9,5 anos após PE de início muito precoce (<24 sem): fatores angiogênicos.",https://pubmed.ncbi.nlm.nih.gov/22952728/
B1,"B1 - PE precoce (I) vs controles normotensas, desfecho CV pós-parto",Evidência indireta,21418159,10.1111/j.1600-0412.2011.01128.x,2011,Acta Obstet Gynecol Scand,Souwer ET,Comparative Study; Journal Article,Decreased arterial elasticity in formerly early-onset preeclamptic women.,14 casos vs 16 controles: elasticidade arterial radial reduzida após PE precoce.,https://pubmed.ncbi.nlm.nih.gov/21418159/
B1,"B1 - PE precoce (I) vs controles normotensas, desfecho CV pós-parto",Evidência indireta,21606387,10.1161/HYPERTENSIONAHA.111.172387,2011,Hypertension,Kvehaugen AS,"Journal Article; Research Support, N.I.H., Extramural",Endothelial function and circulating biomarkers are disturbed in women and children after preeclampsia.,"26 pares mae-filho após PE vs 17 controles, 5–8 anos: função endotelial e biomarcadores; avalia especificamente o início precoce.",https://pubmed.ncbi.nlm.nih.gov/21606387/
B1,"B1 - PE precoce (I) vs controles normotensas, desfecho CV pós-parto",Evidência indireta,21880804,10.1210/jc.2011-1125,2011,J Clin Endocrinol Metab,Hladunewich MA,"Journal Article; Research Support, Non-U.S. Gov't","Postpartum assessment of the renin angiotensin system in women with previous severe, early-onset preeclampsia.",16 mulheres após PE precoce grave vs controles: sistema renina-angiotensina pós-parto sob estresse ortostático.,https://pubmed.ncbi.nlm.nih.gov/21880804/
B1,"B1 - PE precoce (I) vs controles normotensas, desfecho CV pós-parto",Evidência indireta,20551845,10.1097/gme.0b013e3181ddf705,2010,Menopause,Veltman-Verhulst SM,"Journal Article; Research Support, Non-U.S. Gov't",Polycystic ovary syndrome and early-onset preeclampsia: reproductive manifestations of increased cardiovascular risk.,240 mulheres após PE precoce e 456 com SOP: prevalência de síndrome metabólica e elegibilidade para prevencao CV primária.,https://pubmed.ncbi.nlm.nih.gov/20551845/
B1,"B1 - PE precoce (I) vs controles normotensas, desfecho CV pós-parto",Evidência indireta,20022586,10.1016/j.ajog.2009.10.874,2009,Am J Obstet Gynecol,Sep S,"Comparative Study; Journal Article; Research Support, Non-U.S. Gov't",Clinical differences between early-onset HELLP syndrome and early-onset preeclampsia during pregnancy and at least 6 months postpartum.,"75 HELLP precoce vs 40 PE precoce sem HELLP, >=6 meses pós-parto: variáveis metabólicas, hemodinâmicas e hemostáticas.",https://pubmed.ncbi.nlm.nih.gov/20022586/
B1,"B1 - PE precoce (I) vs controles normotensas, desfecho CV pós-parto",Evidência indireta,18571828,10.1016/j.ejogrb.2008.03.004,2008,Eur J Obstet Gynecol Reprod Biol,Gaugler-Senden IP,"Journal Article; Research Support, Non-U.S. Gov't","Severe, very early onset preeclampsia: subsequent pregnancies and future parental cardiovascular health.",20 mulheres com PE de início muito precoce (<24 sem) e seus parceiros: perfil de risco CV e EMI carotídea.,https://pubmed.ncbi.nlm.nih.gov/18571828/
B1,"B1 - PE precoce (I) vs controles normotensas, desfecho CV pós-parto",Evidência indireta,18574072,10.1161/HYPERTENSIONAHA.108.113423,2008,Hypertension,Lampinen KH,"Journal Article; Research Support, Non-U.S. Gov't",A relationship between insulin sensitivity and vasodilation in women with a history of preeclamptic pregnancy.,"28 mulheres após PE grave vs 20 controles, 5–6 anos: sensibilidade a insulina e vasodilatação.",https://pubmed.ncbi.nlm.nih.gov/18574072/
B1,"B1 - PE precoce (I) vs controles normotensas, desfecho CV pós-parto",Evidência indireta,16738162,10.1097/01.AOG.0000218097.22464.b4,2006,Obstet Gynecol,Blaauw J,Journal Article,Increased intima-media thickness after early-onset preeclampsia.,22 EOPE vs 22 gestação normal vs 22 nuliparas: EMI femoral aumentada após PE precoce.,https://pubmed.ncbi.nlm.nih.gov/16738162/
B1,"B1 - PE precoce (I) vs controles normotensas, desfecho CV pós-parto",Evidência indireta,15738035,10.1097/01.AOG.0000153490.41973.e0,2005,Obstet Gynecol,Blaauw J,Journal Article,Abnormal endothelium-dependent microvascular reactivity in recently preeclamptic women.,"25 mulheres após PE precoce vs 23 controles, 3–11 meses: reatividade microvascular endotélio-dependente.",https://pubmed.ncbi.nlm.nih.gov/15738035/
B2,"B2 - PE tardia (C) vs controles normotensas, desfecho CV pós-parto",Evidência indireta,31864208,10.1016/j.preghy.2019.12.005,2020,Pregnancy Hypertens,Kalapotharakos G,Journal Article,Cardiovascular effects of severe late-onset preeclampsia are reversed within six months postpartum.,"6 mulheres com PE tardia grave vs 8 controles: RM cardíaca 1–3 dias, 1 semana e 6 meses pós-parto; alterações revertidas em 6 meses. So o braço tardio, amostra muito pequena.",https://pubmed.ncbi.nlm.nih.gov/31864208/
B2,"B2 - PE tardia (C) vs controles normotensas, desfecho CV pós-parto",Evidência indireta,29677687,10.1016/j.ejogrb.2018.04.003,2018,Eur J Obstet Gynecol Reprod Biol,Alma LJ,Journal Article,Endothelial dysfunction as a long-term effect of late onset hypertensive pregnancy disorders: High BMI is key.,"Plasma de mulheres 2,5 anos após PE tardia ou HIG vs normotensas: disfunção da barreira endotelial; IMC elevado como fator determinante. So o braço tardio.",https://pubmed.ncbi.nlm.nih.gov/29677687/
B3,"B3 - PE precoce vs tardia, função/estrutura CV durante a gestação",Evidência indireta,33581001,10.1515/cclm-2020-1450,2021,Clin Chem Lab Med,Lafuente-Ganuza P,Journal Article,"NT-proBNP levels in preeclampsia, intrauterine growth restriction as well as in the prediction on an imminent delivery.",NT-proBNP mais alto na PE precoce que na tardia; ecocardiograma antes do parto e 3–5 meses após.,https://pubmed.ncbi.nlm.nih.gov/33581001/
B3,"B3 - PE precoce vs tardia, função/estrutura CV durante a gestação",Evidência indireta,34464917,10.1016/j.jelectrocard.2021.08.020,2021,J Electrocardiol,Duran M,Journal Article,Impact of preeclampsia on ventricular repolarization indices.,"60 gestantes com PE (precoce vs tardia) vs 30 controles: QT, QTc, Tp-e e razões Tp-e/QT como índices de repolarização ventricular.",https://pubmed.ncbi.nlm.nih.gov/34464917/
B3,"B3 - PE precoce vs tardia, função/estrutura CV durante a gestação",Evidência indireta,34486496,10.1080/14767058.2021.1974834,2021,J Matern Fetal Neonatal Med,Pillai AA,Journal Article,Maternal cardiovascular dysfunction in women with early onset preeclampsia: a cross-sectional study.,40 mulheres com PE precoce vs 40 normotensas pareadas por idade gestacional: remodelamento e disfunção diastólica por ecocardiografia. Sem braço de PE tardia.,https://pubmed.ncbi.nlm.nih.gov/34486496/
B3,"B3 - PE precoce vs tardia, função/estrutura CV durante a gestação",Evidência indireta,32336238,10.1161/HYPERTENSIONAHA.119.14580,2020,Hypertension,Lekva T,"Journal Article; Research Support, Non-U.S. Gov't",Multiplex Analysis of Circulating Maternal Cardiovascular Biomarkers Comparing Preeclampsia Subtypes.,"37 PE precoce vs 29 PE tardia vs 49 controles: painel Olink de 92 biomarcadores CV; 9 marcadores diferem entre precoce e tardia (ST2, MMP1, MMP3, fractalquina).",https://pubmed.ncbi.nlm.nih.gov/32336238/
B3,"B3 - PE precoce vs tardia, função/estrutura CV durante a gestação",Evidência indireta,31487637,10.1016/j.preghy.2019.06.001,2019,Pregnancy Hypertens,Liu W,"Journal Article; Research Support, Non-U.S. Gov't",Layer-specific longitudinal strain analysis by speckle tracking echocardiography in women with early and late onset preeclampsia.,Strain longitudinal por camadas (speckle tracking) em mulheres com PE precoce e tardia. Resumo não disponível no PubMed - requer texto completo.,https://pubmed.ncbi.nlm.nih.gov/31487637/
B3,"B3 - PE precoce vs tardia, função/estrutura CV durante a gestação",Evidência indireta,30295110,10.1080/10641955.2018.1524477,2018,Hypertens Pregnancy,Temel Yuksel I,Journal Article,Maternal levels of growth differentiation factor-15 in patients with preeclampsia.,26 PE precoce vs 23 PE tardia vs 23 normais: GDF-15 materno mais alto na PE precoce.,https://pubmed.ncbi.nlm.nih.gov/30295110/
B3,"B3 - PE precoce vs tardia, função/estrutura CV durante a gestação",Evidência indireta,29111423,10.1016/j.preghy.2017.10.010,2017,Pregnancy Hypertens,Vaddamani S,Journal Article,Maternal cardiovascular dysfunction in women with early onset preeclampsia and late onset preeclampsia: A cross-sectional study.,"50 EOPE vs 50 LOPE: geometria do VE, disfunção diastólica global, contratilidade e resistência vascular total significativamente piores na PE precoce.",https://pubmed.ncbi.nlm.nih.gov/29111423/
B3,"B3 - PE precoce vs tardia, função/estrutura CV durante a gestação",Evidência indireta,26077816,10.1007/s10554-015-0694-y,2015,Int J Cardiovasc Imaging,Cong J,"Journal Article; Research Support, Non-U.S. Gov't",Maternal cardiac remodeling and dysfunction in preeclampsia: a three-dimensional speckle-tracking echocardiography study.,"43 PE precoce vs 41 PE tardia vs 81 normais: strain 3D (GLS, GCS, GAS, GRS) e massa do VE piores na PE precoce.",https://pubmed.ncbi.nlm.nih.gov/26077816/
B3,"B3 - PE precoce vs tardia, função/estrutura CV durante a gestação",Evidência indireta,23911383,10.1016/j.ajog.2013.07.030,2013,Am J Obstet Gynecol,Stergiotou I,"Journal Article; Research Support, Non-U.S. Gov't",Patterns of maternal vascular remodeling and responsiveness in early- versus late-onset preeclampsia.,"50 PE precoce vs 50 PE tardia vs 100 controles no momento do diagnóstico: EMI carotídea, distensibilidade e colapsabilidade da veia cava inferior.",https://pubmed.ncbi.nlm.nih.gov/23911383/
B3,"B3 - PE precoce vs tardia, função/estrutura CV durante a gestação",Evidência indireta,19300330,10.1097/AOG.0b013e318197c392,2009,Obstet Gynecol,Khalil A,Journal Article,Antihypertensive therapy and central hemodynamics in women with hypertensive disorders in pregnancy.,80 mulheres com PE ou HIG vs 80 controles: pressão e índice de aumento significativamente maiores na PE precoce que na tardia.,https://pubmed.ncbi.nlm.nih.gov/19300330/
C,"C - Revisões, revisões sistemáticas e estudos metodológicos",Contexto e busca manual de referências,40138925,10.1016/j.bpobgyn.2025.102597,2025,Best Pract Res Clin Obstet Gynaecol,Duvekot JJ,Journal Article; Review,Do all women after hypertensive diseases of pregnancy have the same long-term risk of cardiovascular disease in later life?,"Revisão dedicada exatamente a pergunta da PICO: nem todas as mulheres após DHEG tem o mesmo risco CV; PE precoce, PE recorrente e PE na última gestação são os subgrupos de maior risco.",https://pubmed.ncbi.nlm.nih.gov/40138925/
C,"C - Revisões, revisões sistemáticas e estudos metodológicos",Contexto e busca manual de referências,40569067,10.1097/CRD.0000000000000982,2025,Cardiol Rev,Lee PL,Journal Article,"Updates on Preeclampsia: Pathogenesis, Biomarkers, Diagnosis, and Management.",Revisão de atualização sobre PE incluindo riscos CV de longo prazo.,https://pubmed.ncbi.nlm.nih.gov/40569067/
C,"C - Revisões, revisões sistemáticas e estudos metodológicos",Contexto e busca manual de referências,40585732,10.7759/cureus.85025,2025,Cureus,Fukuya FA,Journal Article; Review,"A Comprehensive Review of Current Advancements in the Diagnosis, Treatment, and Long-Term Implications of Hypertensive Disorders of Pregnancy.","Revisão narrativa sobre diagnóstico, tratamento e implicações de longo prazo das DHEG.",https://pubmed.ncbi.nlm.nih.gov/40585732/
C,"C - Revisões, revisões sistemáticas e estudos metodológicos",Contexto e busca manual de referências,41210851,10.3389/fmed.2025.1665100,2025,Front Med (Lausanne),Mbongozi XB,Journal Article; Systematic Review,Arterial stiffness after 6 weeks postdelivery in women with a history of hypertensive disorders of pregnancy: a systematic review and meta-analysis.,"Revisão sistemática e metanálise (12 estudos, 856 mulheres): rigidez arterial após 6 semanas do parto em mulheres com DHEG. Fonte de busca manual de referencias.",https://pubmed.ncbi.nlm.nih.gov/41210851/
C,"C - Revisões, revisões sistemáticas e estudos metodológicos",Contexto e busca manual de referências,38189425,10.1097/CRD.0000000000000639,2024,Cardiol Rev,Kilkenny K,Journal Article; Review,Preeclampsia's Cardiovascular Aftermath: A Comprehensive Review of Consequences for Mother and Offspring.,Revisão abrangente das consequências CV da PE para mae e prole.,https://pubmed.ncbi.nlm.nih.gov/38189425/
C,"C - Revisões, revisões sistemáticas e estudos metodológicos",Contexto e busca manual de referências,35177220,10.1016/j.ajog.2021.12.001,2022,Am J Obstet Gynecol,Erez O,"Historical Article; Journal Article; Research Support, N.I.H., Extramural; Research Support, N.I.H., Intramural; Review",Preeclampsia and eclampsia: the conceptual evolution of a syndrome.,Revisão histórica sobre a evolução conceitual da PE/eclampsia.,https://pubmed.ncbi.nlm.nih.gov/35177220/
C,"C - Revisões, revisões sistemáticas e estudos metodológicos",Contexto e busca manual de referências,35177225,10.1016/j.ajog.2021.11.022,2022,Am J Obstet Gynecol,Gyselaers W,"Journal Article; Research Support, Non-U.S. Gov't; Review",Hemodynamic pathways of gestational hypertension and preeclampsia.,Revisão sobre vias hemodinâmicas da HIG e da PE.,https://pubmed.ncbi.nlm.nih.gov/35177225/
C,"C - Revisões, revisões sistemáticas e estudos metodológicos",Contexto e busca manual de referências,35462351,10.1556/650.2022.32427,2022,Orv Hetil,Tamás P,Journal Article,[The two faces of preeclampsia].,Revisão (húngaro): as duas faces da PE - forma precoce hipovolêmica/placentária vs forma tardia com alto débito cardíaco.,https://pubmed.ncbi.nlm.nih.gov/35462351/
C,"C - Revisões, revisões sistemáticas e estudos metodológicos",Contexto e busca manual de referências,34461666,10.1055/s-0041-1730292,2021,Rev Bras Ginecol Obstet,Pietro L,Journal Article; Review,Placental Findings in Preterm and Term Preeclampsia: An Integrative Review of the Literature.,Revisão integrativa dos achados placentários na PE pre-termo vs a termo.,https://pubmed.ncbi.nlm.nih.gov/34461666/
C,"C - Revisões, revisões sistemáticas e estudos metodológicos",Contexto e busca manual de referências,32856716,10.1097/OGX.0000000000000811,2020,Obstet Gynecol Surv,Moors S,Journal Article; Systematic Review,Speckle Tracking Echocardiography in Hypertensive Pregnancy Disorders: A Systematic Review.,"Revisão sistemática (16 estudos, 870 mulheres com DHEG): speckle tracking; mulheres com história de PE precoce mostram alterações miocárdicas persistentes.",https://pubmed.ncbi.nlm.nih.gov/32856716/
C,"C - Revisões, revisões sistemáticas e estudos metodológicos",Contexto e busca manual de referências,32981372,10.1080/10641955.2020.1818090,2020,Hypertens Pregnancy,Bokslag A,Journal Article; Validation Study,"Maternal recall of a history of early-onset preeclampsia, late-onset preeclampsia, or gestational hypertension: a validation study.","ESTUDO METODOLÓGICO. Validação da memória materna: PE precoce e recuperada com alta sensibilidade e especificidade por questionário; PE tardia e HIG, não. Relevante para o risco de vies de classificação da exposição.",https://pubmed.ncbi.nlm.nih.gov/32981372/
C,"C - Revisões, revisões sistemáticas e estudos metodológicos",Contexto e busca manual de referências,33252700,10.1097/OGX.0000000000000846,2020,Obstet Gynecol Surv,Orabona R,Journal Article; Review,The Impact of Preeclampsia on Women's Health: Cardiovascular Long-term Implications.,Revisão sobre implicações CV de longo prazo da PE: PE mais grave e de início precoce aumenta o risco CV futuro.,https://pubmed.ncbi.nlm.nih.gov/33252700/
C,"C - Revisões, revisões sistemáticas e estudos metodológicos",Contexto e busca manual de referências,31343740,10.1113/JP274893,2019,J Physiol,Gyselaers W,Journal Article; Review,Preeclampsia: a gestational cardiorenal syndrome.,Revisão: PE como síndrome cardiorrenal gestacional; contrasta fisiopatologia da PE precoce e tardia.,https://pubmed.ncbi.nlm.nih.gov/31343740/
C,"C - Revisões, revisões sistemáticas e estudos metodológicos",Contexto e busca manual de referências,30317927,10.1177/1933719118804412,2018,Reprod Sci,Brosens I,"Journal Article; Research Support, Non-U.S. Gov't",Adolescent Preeclampsia: Pathological Drivers and Clinical Prevention.,Revisão sobre PE na adolescência; liga fatores de risco CV a PE precoce.,https://pubmed.ncbi.nlm.nih.gov/30317927/
C,"C - Revisões, revisões sistemáticas e estudos metodológicos",Contexto e busca manual de referências,28961633,10.1097/GCO.0000000000000419,2017,Curr Opin Obstet Gynecol,Kalafat E,Journal Article; Review,Cardiovascular origins of preeclampsia.,Revisão sobre as origens cardiovasculares da PE e a distinção precoce/tardia.,https://pubmed.ncbi.nlm.nih.gov/28961633/
C,"C - Revisões, revisões sistemáticas e estudos metodológicos",Contexto e busca manual de referências,27520604,10.1016/j.nwh.2016.07.003,2016,Nurs Womens Health,Phillips C,Journal Article; Review,"Assessment, Management, and Health Implications of Early-Onset Preeclampsia.","Revisão clínica (enfermagem) sobre avaliação, manejo e implicações de saúde da PE precoce, incluindo seguimento CV pós-parto.",https://pubmed.ncbi.nlm.nih.gov/27520604/
C,"C - Revisões, revisões sistemáticas e estudos metodológicos",Contexto e busca manual de referências,27609819,10.1161/CIRCIMAGING.116.004888,2016,Circ Cardiovasc Imaging,Castleman JS,Journal Article; Systematic Review,Echocardiographic Structure and Function in Hypertensive Disorders of Pregnancy: A Systematic Review.,"Revisão sistemática (36 estudos, 815 mulheres com PE): disfunção diastólica e remodelamento do VE mais marcados na PE grave e de início precoce.",https://pubmed.ncbi.nlm.nih.gov/27609819/
C,"C - Revisões, revisões sistemáticas e estudos metodológicos",Contexto e busca manual de referências,26362531,10.1007/s11906-015-0595-4,2015,Curr Hypertens Rep,Myatt L,Journal Article; Review,Preeclampsia: Syndrome or Disease?,Revisão conceitual: PE como síndrome ou doença; placentação deficiente e mais relevante na PE precoce.,https://pubmed.ncbi.nlm.nih.gov/26362531/
C,"C - Revisões, revisões sistemáticas e estudos metodológicos",Contexto e busca manual de referências,22018452,10.1097/OGX.0b013e3182331028,2011,Obstet Gynecol Surv,Raymond D,Journal Article; Review,A critical review of early-onset and late-onset preeclampsia.,"Revisão crítica comparando PE precoce e tardia (patogênese, biomarcadores, desfechos). Referência conceitual para a definição de I e C.",https://pubmed.ncbi.nlm.nih.gov/22018452/
D,D - Excluído,Excluído,41525138,10.1152/ajpheart.00945.2025,2026,Am J Physiol Heart Circ Physiol,Piani F,Journal Article,Linking maternal and neonatal circulation in preeclampsia.,Sem comparação PE precoce vs tardia com desfecho cardiovascular materno após a gestação.,https://pubmed.ncbi.nlm.nih.gov/41525138/
D,D - Excluído,Excluído,41666648,10.1016/j.preghy.2026.101424,2026,Pregnancy Hypertens,Gu Y,Journal Article,The timing of chronic hypertension onset in pregnancy was not associated with the severity of superimposed preeclampsia.,Sem comparação PE precoce vs tardia com desfecho cardiovascular materno após a gestação.,https://pubmed.ncbi.nlm.nih.gov/41666648/
D,D - Excluído,Excluído,41667698,10.1038/s41598-026-39050-0,2026,Sci Rep,Wu Z,Journal Article,HLA-DPA1 as a diagnostic biomarker differentiating early- and late-onset preeclampsia.,Sem comparação PE precoce vs tardia com desfecho cardiovascular materno após a gestação.,https://pubmed.ncbi.nlm.nih.gov/41667698/
D,D - Excluído,Excluído,42433136,10.1111/aji.70285,2026,Am J Reprod Immunol,Ashio M,Journal Article,Thrombotic Antiphospholipid Syndrome: A Long Term Follow-up of Patients With Recurrent Pregnancy Loss and Antiphospholipid Antibodies From the APS 1994 Study.,Sem comparação PE precoce vs tardia com desfecho cardiovascular materno após a gestação.,https://pubmed.ncbi.nlm.nih.gov/42433136/
D,D - Excluído,Excluído,39974194,10.11613/BM.2025.010708,2025,Biochem Med (Zagreb),Antonic T,Journal Article,Unraveling sphingolipid dynamics in late-onset preeclampsia: insights from lipidomic analysis.,Sem comparação PE precoce vs tardia com desfecho cardiovascular materno após a gestação.,https://pubmed.ncbi.nlm.nih.gov/39974194/
D,D - Excluído,Excluído,40199872,10.1038/s41467-025-58157-y,2025,Nat Commun,Elovitz MA,Journal Article,Molecular subtyping of hypertensive disorders of pregnancy.,Sem comparação PE precoce vs tardia com desfecho cardiovascular materno após a gestação.,https://pubmed.ncbi.nlm.nih.gov/40199872/
D,D - Excluído,Excluído,41106578,10.1016/j.ajog.2025.10.003,2025,Am J Obstet Gynecol,Sundet BK,Journal Article,Predelivery maternal circulating neutrophil extracellular traps and deoxyribonuclease in placental dysfunction and preeclampsia.,Sem comparação PE precoce vs tardia com desfecho cardiovascular materno após a gestação.,https://pubmed.ncbi.nlm.nih.gov/41106578/
D,D - Excluído,Excluído,41232169,10.1016/j.preghy.2025.101392,2025,Pregnancy Hypertens,Addisu D,Journal Article,"Determinants of uncontrolled blood pressure among preeclamptic women receiving antihypertensive therapy in the South Gondar Zone, Northwest Ethiopia.",Sem comparação PE precoce vs tardia com desfecho cardiovascular materno após a gestação.,https://pubmed.ncbi.nlm.nih.gov/41232169/
D,D - Excluído,Excluído,41296480,10.1001/jamanetworkopen.2025.45719,2025,JAMA Netw Open,Chen G,"Journal Article; Research Support, Non-U.S. Gov't",Child Developmental Patterns by Age 4 Years Across Subtypes of Hypertensive Disorders of Pregnancy.,Sem comparação PE precoce vs tardia com desfecho cardiovascular materno após a gestação.,https://pubmed.ncbi.nlm.nih.gov/41296480/
D,D - Excluído,Excluído,38189116,10.1152/physiolgenomics.00058.2023,2024,Physiol Genomics,Layman CE,"Journal Article; Research Support, Non-U.S. Gov't; Research Support, N.I.H., Intramural",High-throughput methylome analysis reveals differential methylation for early and late onset preeclampsia for mothers and their children.,Sem comparação PE precoce vs tardia com desfecho cardiovascular materno após a gestação.,https://pubmed.ncbi.nlm.nih.gov/38189116/
D,D - Excluído,Excluído,38253981,10.1007/s43032-023-01445-z,2024,Reprod Sci,Callbo PN,Journal Article,Novel Associations Between Mid-Pregnancy Cardiovascular Biomarkers and Preeclampsia: An Explorative Nested Case-Control Study.,Sem comparação PE precoce vs tardia com desfecho cardiovascular materno após a gestação.,https://pubmed.ncbi.nlm.nih.gov/38253981/
D,D - Excluído,Excluído,38842709,10.4103/njcp.njcp_645_23,2024,Niger J Clin Pract,Lin Z,Journal Article,The Relationship between the Level of Coagulative Function Hypertensive Disorder Complicating Pregnancy.,Sem comparação PE precoce vs tardia com desfecho cardiovascular materno após a gestação.,https://pubmed.ncbi.nlm.nih.gov/38842709/
D,D - Excluído,Excluído,39379466,10.1038/s41440-024-01929-8,2024,Hypertens Res,Ohkuchi A,Journal Article; Multicenter Study,Early-onset preeclampsia/gestational hypertension may be associated with a low incidence of cerebral palsy at 3 years old in singleton very low-birth-weight infants born at 28-31 weeks of gestation (EOPE-DQ study): a multi-center retrospective cohort study in 2013-2016.,Sem comparação PE precoce vs tardia com desfecho cardiovascular materno após a gestação.,https://pubmed.ncbi.nlm.nih.gov/39379466/
D,D - Excluído,Excluído,39440423,10.1161/HYPERTENSIONAHA.124.23362,2024,Hypertension,Nonn O,"Journal Article; Research Support, Non-U.S. Gov't",Senescent Syncytiotrophoblast Secretion During Early Onset Preeclampsia.,Sem comparação PE precoce vs tardia com desfecho cardiovascular materno após a gestação.,https://pubmed.ncbi.nlm.nih.gov/39440423/
D,D - Excluído,Excluído,39509924,10.1016/j.ejogrb.2024.10.052,2024,Eur J Obstet Gynecol Reprod Biol,Mkhize PZ,Journal Article; Randomized Controlled Trial,The effectiveness of low-dose aspirin for the prevention of hypertensive disorders of pregnancy in a sub-Saharan Africa Country: A randomized clinical trial.,Sem comparação PE precoce vs tardia com desfecho cardiovascular materno após a gestação.,https://pubmed.ncbi.nlm.nih.gov/39509924/
D,D - Excluído,Excluído,36965061,10.1111/jog.15641,2023,J Obstet Gynaecol Res,Dankó I,Journal Article,"Placental pathology of preeclampsia from a clinical point of view: Correlation between placental histopathology, clinical signs of preeclampsia and neonatal outcome.",Sem comparação PE precoce vs tardia com desfecho cardiovascular materno após a gestação.,https://pubmed.ncbi.nlm.nih.gov/36965061/
D,D - Excluído,Excluído,37113621,10.3389/bjbs.2023.11004,2023,Br J Biomed Sci,Zhu D,Journal Article,Elevated Expression of miR-296 in Human Placentas and Serum Samples From Pregnancies With Preeclampsia.,Sem comparação PE precoce vs tardia com desfecho cardiovascular materno após a gestação.,https://pubmed.ncbi.nlm.nih.gov/37113621/
D,D - Excluído,Excluído,37211009,10.1055/a-2096-5052,2023,Am J Perinatol,Onishi K,Journal Article,Risk Factors for Early- and Late-Onset Superimposed Preeclampsia.,Sem comparação PE precoce vs tardia com desfecho cardiovascular materno após a gestação.,https://pubmed.ncbi.nlm.nih.gov/37211009/
D,D - Excluído,Excluído,37292200,10.3389/fimmu.2023.1175926,2023,Front Immunol,Menkhorst E,"Journal Article; Research Support, Non-U.S. Gov't",IL11 activates the placental inflammasome to drive preeclampsia.,Sem comparação PE precoce vs tardia com desfecho cardiovascular materno após a gestação.,https://pubmed.ncbi.nlm.nih.gov/37292200/
D,D - Excluído,Excluído,37300367,10.1111/jog.15700,2023,J Obstet Gynaecol Res,Mortensen SM,Journal Article,Lack of an association between first-trimester concentration of mid-regional pro-atrial natriuretic peptide and risk of early-onset preeclampsia <34 weeks' gestation.,Sem comparação PE precoce vs tardia com desfecho cardiovascular materno após a gestação.,https://pubmed.ncbi.nlm.nih.gov/37300367/
D,D - Excluído,Excluído,37369375,10.1080/14767058.2023.2229931,2023,J Matern Fetal Neonatal Med,Kale İ,Journal Article,Investigation of maternal serum cardiotrophin-1 concentrations in pregnant women with preeclampsia; a prospective case-control study.,Sem comparação PE precoce vs tardia com desfecho cardiovascular materno após a gestação.,https://pubmed.ncbi.nlm.nih.gov/37369375/
D,D - Excluído,Excluído,37435795,10.1161/JAHA.123.029617,2023,J Am Heart Assoc,Gunderson EP,"Journal Article; Research Support, N.I.H., Extramural",Early Pregnancy Systolic Blood Pressure Patterns Predict Early- and Later-Onset Preeclampsia and Gestational Hypertension Among Ostensibly Low-to-Moderate Risk Groups.,Sem comparação PE precoce vs tardia com desfecho cardiovascular materno após a gestação.,https://pubmed.ncbi.nlm.nih.gov/37435795/
D,D - Excluído,Excluído,37464308,10.1186/s12884-023-05838-5,2023,BMC Pregnancy Childbirth,Dai F,Journal Article,Pregnancy outcomes and disease phenotype of hypertensive disorders of pregnancy in singleton pregnancies after in vitro fertilization: a retrospective analysis of 1130 cases.,Sem comparação PE precoce vs tardia com desfecho cardiovascular materno após a gestação.,https://pubmed.ncbi.nlm.nih.gov/37464308/
D,D - Excluído,Excluído,37591113,10.1016/j.placenta.2023.08.062,2023,Placenta,Samal S,"Journal Article; Research Support, Non-U.S. Gov't",Prediction of maternal and foetal outcomes among patients with preeclampsia using circulatory biomarkers (MMP-9 & ST2) - A prospective cohort study.,Sem comparação PE precoce vs tardia com desfecho cardiovascular materno após a gestação.,https://pubmed.ncbi.nlm.nih.gov/37591113/
D,D - Excluído,Excluído,37801800,10.1016/j.preghy.2023.09.005,2023,Pregnancy Hypertens,Kumar M,Journal Article,Antenatal risk stratification for preeclampsia with sFlt-1/PlGF ratio: Which is the best time to test?,Sem comparação PE precoce vs tardia com desfecho cardiovascular materno após a gestação.,https://pubmed.ncbi.nlm.nih.gov/37801800/
D,D - Excluído,Excluído,34996340,10.1080/01443615.2021.2012438,2022,J Obstet Gynaecol,Song W,Journal Article,Associations between the TNMD rs4828038 and ACE2 rs879922 polymorphisms and preeclampsia susceptibility: a case-control study.,Sem comparação PE precoce vs tardia com desfecho cardiovascular materno após a gestação.,https://pubmed.ncbi.nlm.nih.gov/34996340/
D,D - Excluído,Excluído,35063900,10.1016/j.ejogrb.2022.01.010,2022,Eur J Obstet Gynecol Reprod Biol,Sert ZS,Journal Article; Observational Study,The role of serum netrin-1 level in the detection of early-onset preeclampsia.,Sem comparação PE precoce vs tardia com desfecho cardiovascular materno após a gestação.,https://pubmed.ncbi.nlm.nih.gov/35063900/
D,D - Excluído,Excluído,35228109,10.1016/j.preghy.2022.02.006,2022,Pregnancy Hypertens,Wertaschnigg D,Journal Article,Hypertensive disorders in pregnancy - Trends over eight years: A population-based cohort study.,Sem comparação PE precoce vs tardia com desfecho cardiovascular materno após a gestação.,https://pubmed.ncbi.nlm.nih.gov/35228109/
D,D - Excluído,Excluído,35260099,10.1186/s12884-022-04514-4,2022,BMC Pregnancy Childbirth,Huang T,Journal Article,Modified multiple marker aneuploidy screening as a primary screening test for preeclampsia.,Sem comparação PE precoce vs tardia com desfecho cardiovascular materno após a gestação.,https://pubmed.ncbi.nlm.nih.gov/35260099/
D,D - Excluído,Excluído,35866241,10.1080/01443615.2022.2099253,2022,J Obstet Gynaecol,Soobryan N,Observational Study; Journal Article,An observational study of pro- and anti-angiogenic factors in hypertensive disorders of pregnancy in women of African ancestry.,Sem comparação PE precoce vs tardia com desfecho cardiovascular materno após a gestação.,https://pubmed.ncbi.nlm.nih.gov/35866241/
D,D - Excluído,Excluído,35963155,10.1016/j.preghy.2022.08.002,2022,Pregnancy Hypertens,Li L,Journal Article,"The association between maternal tea consumption and the risk of pregnancy induced hypertension: A retrospective cohort study in Lanzhou, China.",Sem comparação PE precoce vs tardia com desfecho cardiovascular materno após a gestação.,https://pubmed.ncbi.nlm.nih.gov/35963155/
D,D - Excluído,Excluído,35983848,10.1080/15513815.2022.2112791,2022,Fetal Pediatr Pathol,Jeba Malar Abraham A,Journal Article,"Association of Umbilical Cord Serum Oxidative Stress Markers, ADMA and Adiponectin with Adverse Fetal Outcomes in Hypertensive Disorders of Pregnancy.",Sem comparação PE precoce vs tardia com desfecho cardiovascular materno após a gestação.,https://pubmed.ncbi.nlm.nih.gov/35983848/
D,D - Excluído,Excluído,36148652,10.1161/HYPERTENSIONAHA.122.19346,2022,Hypertension,Gyselaers W,"Journal Article; Research Support, Non-U.S. Gov't",First-Trimester Normotension Is a Weak Indicator of Normal Maternal Cardiovascular Function.,Sem comparação PE precoce vs tardia com desfecho cardiovascular materno após a gestação.,https://pubmed.ncbi.nlm.nih.gov/36148652/
D,D - Excluído,Excluído,36227697,10.1172/jci.insight.158908,2022,JCI Insight,Sallais J,"Journal Article; Research Support, Non-U.S. Gov't",HIF1 inhibitor acriflavine rescues early-onset preeclampsia phenotype in mice lacking placental prolyl hydroxylase domain protein 2.,Sem comparação PE precoce vs tardia com desfecho cardiovascular materno após a gestação.,https://pubmed.ncbi.nlm.nih.gov/36227697/
D,D - Excluído,Excluído,36334725,10.1016/j.ajogmf.2022.100794,2022,Am J Obstet Gynecol MFM,Fosheim IK,"Journal Article; Research Support, Non-U.S. Gov't",Serum amyloid A1 and pregnancy zone protein in pregnancy complications and correlation with markers of placental dysfunction.,Sem comparação PE precoce vs tardia com desfecho cardiovascular materno após a gestação.,https://pubmed.ncbi.nlm.nih.gov/36334725/
D,D - Excluído,Excluído,36347504,10.1055/a-1973-7602,2022,Am J Perinatol,Derrah K,"Journal Article; Research Support, N.I.H., Extramural",Evaluation of Low-Dose Aspirin to Prevent Preeclampsia in Pregnant People with Chronic Hypertension.,Sem comparação PE precoce vs tardia com desfecho cardiovascular materno após a gestação.,https://pubmed.ncbi.nlm.nih.gov/36347504/
D,D - Excluído,Excluído,36369889,10.1080/01443615.2022.2141612,2022,J Obstet Gynaecol,Akin S,Journal Article,promotor region -922 T > C polymorphism is associated with Early-Onset preeclampsia.,Sem comparação PE precoce vs tardia com desfecho cardiovascular materno após a gestação.,https://pubmed.ncbi.nlm.nih.gov/36369889/
D,D - Excluído,Excluído,36403860,10.1016/j.ajog.2022.11.1290,2022,Am J Obstet Gynecol,Zhu J,"Journal Article; Research Support, Non-U.S. Gov't",Intertwin growth discordance throughout gestation and hypertensive disorders of pregnancy.,Sem comparação PE precoce vs tardia com desfecho cardiovascular materno após a gestação.,https://pubmed.ncbi.nlm.nih.gov/36403860/
D,D - Excluído,Excluído,36443048,10.12182/20221160508,2022,Sichuan Da Xue Xue Bao Yi Xue Ban,Chen MF,English Abstract; Journal Article,[Clinical Comparative Analysis of Early-Onset Preeclampsia Combined with HELLP Syndrome].,Sem comparação PE precoce vs tardia com desfecho cardiovascular materno após a gestação.,https://pubmed.ncbi.nlm.nih.gov/36443048/
D,D - Excluído,Excluído,36580212,10.1134/S1607672922060011,2022,Dokl Biochem Biophys,Artemieva KA,Journal Article,Regulation of the Placental Renin-Angiotensin-Aldosterone System in Early- and Late-Onset Preeclampsia.,Sem comparação PE precoce vs tardia com desfecho cardiovascular materno após a gestação.,https://pubmed.ncbi.nlm.nih.gov/36580212/
D,D - Excluído,Excluído,33453366,10.1016/j.echo.2021.01.008,2021,J Am Soc Echocardiogr,Hoodbhoy Z,"Journal Article; Research Support, Non-U.S. Gov't",Cardiovascular Dysfunction in Children Exposed to Preeclampsia During Fetal Life.,Sem comparação PE precoce vs tardia com desfecho cardiovascular materno após a gestação.,https://pubmed.ncbi.nlm.nih.gov/33453366/
D,D - Excluído,Excluído,33666502,10.1152/ajpheart.00613.2020,2021,Am J Physiol Heart Circ Physiol,Albrecht ED,"Journal Article; Research Support, N.I.H., Extramural",Maternal systemic vascular dysfunction in a primate model of defective uterine spiral artery remodeling.,Sem comparação PE precoce vs tardia com desfecho cardiovascular materno após a gestação.,https://pubmed.ncbi.nlm.nih.gov/33666502/
D,D - Excluído,Excluído,33758348,10.1038/s41371-021-00524-5,2021,J Hum Hypertens,Satra M,Journal Article,Association of maternal angiotensin II type 1 and type 2 receptor combination genotypes with susceptibility to early-onset preeclampsia.,Sem comparação PE precoce vs tardia com desfecho cardiovascular materno após a gestação.,https://pubmed.ncbi.nlm.nih.gov/33758348/
D,D - Excluído,Excluído,33879252,10.1186/s13293-021-00376-1,2021,Biol Sex Differ,Richards C,"Journal Article; Research Support, Non-U.S. Gov't","Characterisation of cardiac health in the reduced uterine perfusion pressure model and a 3D cardiac spheroid model, of preeclampsia.",Sem comparação PE precoce vs tardia com desfecho cardiovascular materno após a gestação.,https://pubmed.ncbi.nlm.nih.gov/33879252/
D,D - Excluído,Excluído,34043700,10.1371/journal.pone.0252343,2021,PLoS One,Hedermann G,"Journal Article; Research Support, Non-U.S. Gov't; Systematic Review",Maternal obesity and metabolic disorders associate with congenital heart defects in the offspring: A systematic review.,Sem comparação PE precoce vs tardia com desfecho cardiovascular materno após a gestação.,https://pubmed.ncbi.nlm.nih.gov/34043700/
D,D - Excluído,Excluído,34352849,10.1097/AOG.0000000000004506,2021,Obstet Gynecol,Aviram A,"Comparative Study; Journal Article; Research Support, Non-U.S. Gov't",Outcomes Associated With Hypertensive Disorders of Pregnancy in Twin Compared With Singleton Gestations.,Sem comparação PE precoce vs tardia com desfecho cardiovascular materno após a gestação.,https://pubmed.ncbi.nlm.nih.gov/34352849/
D,D - Excluído,Excluído,34480133,10.1038/s41440-021-00740-z,2021,Hypertens Res,Salazar MR,Journal Article,Nocturnal hypertension and risk of developing early-onset preeclampsia in high-risk pregnancies.,Sem comparação PE precoce vs tardia com desfecho cardiovascular materno após a gestação.,https://pubmed.ncbi.nlm.nih.gov/34480133/
D,D - Excluído,Excluído,31809427,10.1097/AOG.0000000000003582,2020,Obstet Gynecol,Copel JA,"Journal Article; Research Support, Non-U.S. Gov't",Gottesfeld-Hohler Memorial Foundation Risk Assessment for Early-Onset Preeclampsia in the United States: Think Tank Summary.,Sem comparação PE precoce vs tardia com desfecho cardiovascular materno após a gestação.,https://pubmed.ncbi.nlm.nih.gov/31809427/
D,D - Excluído,Excluído,31990902,10.1097/HJH.0000000000002362,2020,J Hypertens,Ueland T,"Journal Article; Research Support, Non-U.S. Gov't",Elevated levels of the secreted wingless agonist R-spondin 3 in preeclamptic pregnancies.,Sem comparação PE precoce vs tardia com desfecho cardiovascular materno após a gestação.,https://pubmed.ncbi.nlm.nih.gov/31990902/
D,D - Excluído,Excluído,32020602,10.1111/aogs.13786,2020,Acta Obstet Gynecol Scand,Rohr Thomsen C,"Journal Article; Research Support, Non-U.S. Gov't",Seasonal variation in the hypertensive disorders of pregnancy in Denmark.,Sem comparação PE precoce vs tardia com desfecho cardiovascular materno após a gestação.,https://pubmed.ncbi.nlm.nih.gov/32020602/
D,D - Excluído,Excluído,32075602,10.1186/s12884-020-2805-6,2020,BMC Pregnancy Childbirth,Gui J,Journal Article,Association between thyroid dysfunction and perinatal outcomes in women with gestational hypertension: a retrospective study.,Sem comparação PE precoce vs tardia com desfecho cardiovascular materno após a gestação.,https://pubmed.ncbi.nlm.nih.gov/32075602/
D,D - Excluído,Excluído,32093926,10.1016/j.jpeds.2020.01.033,2020,J Pediatr,Chourdakis E,"Journal Article; Research Support, Non-U.S. Gov't",Effect of Early-Onset Preeclampsia on Offspring's Blood Pressure during the First Month of Life.,Sem comparação PE precoce vs tardia com desfecho cardiovascular materno após a gestação.,https://pubmed.ncbi.nlm.nih.gov/32093926/
D,D - Excluído,Excluído,32247845,10.1016/j.ajog.2020.03.024,2020,Am J Obstet Gynecol,Qiao P,"Journal Article; Research Support, Non-U.S. Gov't",Impact of growth discordance in twins on preeclampsia based on chorionicity.,Sem comparação PE precoce vs tardia com desfecho cardiovascular materno após a gestação.,https://pubmed.ncbi.nlm.nih.gov/32247845/
D,D - Excluído,Excluído,32275184,10.1080/15513815.2020.1745973,2020,Fetal Pediatr Pathol,Abraham AJM,Journal Article,Maternal Adverse Outcomes in Hypertensive Disorders of Pregnancy and Their Association with Serum Adiponectin and Redox Markers.,Sem comparação PE precoce vs tardia com desfecho cardiovascular materno após a gestação.,https://pubmed.ncbi.nlm.nih.gov/32275184/
D,D - Excluído,Excluído,32338084,10.1080/10641963.2020.1756313,2020,Clin Exp Hypertens,Zhu X,Journal Article,"Values of serum sFlt-1, PLGF levels, and sFlt-1/PLGF ratio in diagnosis and prognosis evaluation of preeclamptic patients.",Sem comparação PE precoce vs tardia com desfecho cardiovascular materno após a gestação.,https://pubmed.ncbi.nlm.nih.gov/32338084/
D,D - Excluído,Excluído,32889166,10.1016/j.earlhumdev.2020.105166,2020,Early Hum Dev,Oikonomou N,"Journal Article; Research Support, Non-U.S. Gov't",Aortic intima-media thickness in neonates exposed to early-onset preeclampsia.,Sem comparação PE precoce vs tardia com desfecho cardiovascular materno após a gestação.,https://pubmed.ncbi.nlm.nih.gov/32889166/
D,D - Excluído,Excluído,32971013,10.1016/j.ajog.2020.09.026,2020,Am J Obstet Gynecol,Staff AC,"Journal Article; Research Support, Non-U.S. Gov't; Review",Failure of physiological transformation and spiral artery atherosis: their roles in preeclampsia.,Sem comparação PE precoce vs tardia com desfecho cardiovascular materno após a gestação.,https://pubmed.ncbi.nlm.nih.gov/32971013/
D,D - Excluído,Excluído,33228435,10.1080/01443615.2020.1819215,2020,J Obstet Gynaecol,Ovayolu A,Journal Article; Observational Study,Maternal serum endothelial cell-specific molecule-1 level and its correlation with severity of early-onset preeclampsia.,Sem comparação PE precoce vs tardia com desfecho cardiovascular materno após a gestação.,https://pubmed.ncbi.nlm.nih.gov/33228435/
D,D - Excluído,Excluído,33254097,10.1016/j.jri.2020.103249,2020,J Reprod Immunol,Jacobsen DP,"Journal Article; Observational Study; Research Support, Non-U.S. Gov't",Pregnancy and postpartum levels of circulating maternal sHLA-G in preeclampsia.,Sem comparação PE precoce vs tardia com desfecho cardiovascular materno após a gestação.,https://pubmed.ncbi.nlm.nih.gov/33254097/
D,D - Excluído,Excluído,33341795,10.1159/000506804,2020,Gynecol Obstet Invest,Liu J,Journal Article,"There is a Strong Association between Early Preeclampsia and Congenital Heart Defects: A Large Population-Based, Retrospective Study.",Sem comparação PE precoce vs tardia com desfecho cardiovascular materno após a gestação.,https://pubmed.ncbi.nlm.nih.gov/33341795/
D,D - Excluído,Excluído,30234780,10.1097/HJH.0000000000001888,2019,J Hypertens,Sciatti E,Journal Article,Elastic properties of ascending aorta and ventricular-arterial coupling in women with previous pregnancy complicated by HELLP syndrome.,Compara HELLP vs PE vs controles; não estratifica por início precoce/tardio.,https://pubmed.ncbi.nlm.nih.gov/30234780/
D,D - Excluído,Excluído,31055131,10.1016/j.freeradbiomed.2019.05.001,2019,Free Radic Biol Med,Barneo-Caragol C,Journal Article; Observational Study,Increased serum strontium levels and altered oxidative stress status in early-onset preeclampsia.,Sem comparação PE precoce vs tardia com desfecho cardiovascular materno após a gestação.,https://pubmed.ncbi.nlm.nih.gov/31055131/
D,D - Excluído,Excluído,31094790,10.1213/ANE.0000000000003759,2019,Anesth Analg,Ortner CM,"Journal Article; Observational Study; Research Support, Non-U.S. Gov't",Point-of-Care Ultrasound Abnormalities in Late-Onset Severe Preeclampsia: Prevalence and Association With Serum Albumin and Brain Natriuretic Peptide.,Sem comparação PE precoce vs tardia com desfecho cardiovascular materno após a gestação.,https://pubmed.ncbi.nlm.nih.gov/31094790/
D,D - Excluído,Excluído,31109316,10.1186/s12929-019-0530-0,2019,J Biomed Sci,Vonck S,Journal Article,Development of a biophysical screening model for gestational hypertensive diseases.,Sem comparação PE precoce vs tardia com desfecho cardiovascular materno após a gestação.,https://pubmed.ncbi.nlm.nih.gov/31109316/
D,D - Excluído,Excluído,31130051,10.1080/15513815.2019.1619205,2019,Fetal Pediatr Pathol,Abraham AJM,Journal Article,"Utility of time of onset of hypertension, ADMA and TAS in predicting adverse neonatal outcome in hypertensive disorders of pregnancy.",Sem comparação PE precoce vs tardia com desfecho cardiovascular materno após a gestação.,https://pubmed.ncbi.nlm.nih.gov/31130051/
D,D - Excluído,Excluído,31234061,10.1016/j.ejogrb.2019.06.013,2019,Eur J Obstet Gynecol Reprod Biol,Tran PL,Journal Article,Recurrent or first preeclampsia in multiparae: A case-control study of singleton pregnancies in Reunion Island.,Sem comparação PE precoce vs tardia com desfecho cardiovascular materno após a gestação.,https://pubmed.ncbi.nlm.nih.gov/31234061/
D,D - Excluído,Excluído,31557190,10.1371/journal.pone.0222672,2019,PLoS One,Benny P,"Journal Article; Research Support, N.I.H., Extramural; Research Support, Non-U.S. Gov't","Maternal cardiovascular-related single nucleotide polymorphisms, genes, and pathways associated with early-onset preeclampsia.",Sem comparação PE precoce vs tardia com desfecho cardiovascular materno após a gestação.,https://pubmed.ncbi.nlm.nih.gov/31557190/
D,D - Excluído,Excluído,31622409,10.1371/journal.pone.0223888,2019,PLoS One,Robillard PY,Journal Article; Observational Study,Increased BMI has a linear association with late-onset preeclampsia: A population-based study.,Sem comparação PE precoce vs tardia com desfecho cardiovascular materno após a gestação.,https://pubmed.ncbi.nlm.nih.gov/31622409/
D,D - Excluído,Excluído,29267172,10.1515/jpm-2017-0188,2018,J Perinat Med,Monteith C,Journal Article; Observational Study,Early onset preeclampsia is associated with an elevated mean platelet volume (MPV) and a greater rise in MPV from time of booking compared with pregnant controls: results of the CAPE study.,Sem comparação PE precoce vs tardia com desfecho cardiovascular materno após a gestação.,https://pubmed.ncbi.nlm.nih.gov/29267172/
D,D - Excluído,Excluído,29544467,10.1186/s12884-018-1693-5,2018,BMC Pregnancy Childbirth,Demirci J,"Case Reports; Journal Article; Research Support, N.I.H., Extramural; Research Support, Non-U.S. Gov't",Delayed Lactogenesis II and potential utility of antenatal milk expression in women developing late-onset preeclampsia: a case series.,Sem comparação PE precoce vs tardia com desfecho cardiovascular materno após a gestação.,https://pubmed.ncbi.nlm.nih.gov/29544467/
D,D - Excluído,Excluído,29704672,10.1016/j.envpol.2018.04.060,2018,Environ Pollut,Auger N,Journal Article,Environmental noise pollution and risk of preeclampsia.,Sem comparação PE precoce vs tardia com desfecho cardiovascular materno após a gestação.,https://pubmed.ncbi.nlm.nih.gov/29704672/
D,D - Excluído,Excluído,29707880,10.1111/jch.13302,2018,J Clin Hypertens (Greenwich),Li X,"Journal Article; Multicenter Study; Research Support, Non-U.S. Gov't",Risk factors for adverse maternal and perinatal outcomes in women with preeclampsia: analysis of 1396 cases.,Sem comparação PE precoce vs tardia com desfecho cardiovascular materno após a gestação.,https://pubmed.ncbi.nlm.nih.gov/29707880/
D,D - Excluído,Excluído,29855344,10.1186/s12884-018-1845-7,2018,BMC Pregnancy Childbirth,You SH,Journal Article,Population-based trends and risk factors of early- and late-onset preeclampsia in Taiwan 2001-2014.,Sem comparação PE precoce vs tardia com desfecho cardiovascular materno após a gestação.,https://pubmed.ncbi.nlm.nih.gov/29855344/
D,D - Excluído,Excluído,29939936,10.1097/AOG.0000000000002709,2018,Obstet Gynecol,,Journal Article,ACOG Committee Opinion No. 743 Summary: Low-Dose Aspirin Use During Pregnancy.,Sem comparação PE precoce vs tardia com desfecho cardiovascular materno após a gestação.,https://pubmed.ncbi.nlm.nih.gov/29939936/
D,D - Excluído,Excluído,29939940,10.1097/AOG.0000000000002708,2018,Obstet Gynecol,,Journal Article,ACOG Committee Opinion No. 743: Low-Dose Aspirin Use During Pregnancy.,Sem comparação PE precoce vs tardia com desfecho cardiovascular materno após a gestação.,https://pubmed.ncbi.nlm.nih.gov/29939940/
D,D - Excluído,Excluído,30383796,10.1371/journal.pone.0206257,2018,PLoS One,Gyselaers W,"Journal Article; Research Support, Non-U.S. Gov't",Body fluid volume homeostasis is abnormal in pregnancies complicated with hypertension and/or poor fetal growth.,Sem comparação PE precoce vs tardia com desfecho cardiovascular materno após a gestação.,https://pubmed.ncbi.nlm.nih.gov/30383796/
D,D - Excluído,Excluído,30825924,10.1016/j.preghy.2018.10.010,2018,Pregnancy Hypertens,Bernardes TP,Journal Article,Recurrence risk of preeclampsia in a linked population-based cohort: Effects of first pregnancy maximum diastolic blood pressure and gestational age.,Sem comparação PE precoce vs tardia com desfecho cardiovascular materno após a gestação.,https://pubmed.ncbi.nlm.nih.gov/30825924/
D,D - Excluído,Excluído,27255227,10.1007/s00292-016-0156-x,2017,Pathologe,Feist H,Journal Article; Review,[Pathoanatomical and clinical aspects of the placenta in preterm birth].,Sem comparação PE precoce vs tardia com desfecho cardiovascular materno após a gestação.,https://pubmed.ncbi.nlm.nih.gov/27255227/
D,D - Excluído,Excluído,27926640,10.1097/AOG.0000000000001758,2017,Obstet Gynecol,Auger N,"Journal Article; Research Support, Non-U.S. Gov't",Preeclampsia and Long-term Risk of Maternal Retinal Disorders.,"Desfecho não cardiovascular (doencas retinianas), embora estratificado pelo início da PE - coorte de 1.108.541 mulheres, útil como análogo metodológico.",https://pubmed.ncbi.nlm.nih.gov/27926640/
D,D - Excluído,Excluído,28461601,10.1161/HYPERTENSIONAHA.117.09256,2017,Hypertension,Verlohren S,"Journal Article; Research Support, Non-U.S. Gov't",Angiogenic Markers and Cardiovascular Indices in the Prediction of Hypertensive Disorders of Pregnancy.,Sem comparação PE precoce vs tardia com desfecho cardiovascular materno após a gestação.,https://pubmed.ncbi.nlm.nih.gov/28461601/
D,D - Excluído,Excluído,28569919,10.1160/TH16-12-0949,2017,Thromb Haemost,Egan K,"Journal Article; Research Support, Non-U.S. Gov't",Elevated plasma TFPI activity causes attenuated TF-dependent thrombin generation in early onset preeclampsia.,Sem comparação PE precoce vs tardia com desfecho cardiovascular materno após a gestação.,https://pubmed.ncbi.nlm.nih.gov/28569919/
D,D - Excluído,Excluído,28858635,10.1016/j.jri.2017.08.005,2017,J Reprod Immunol,Iacobelli S,Journal Article; Observational Study,Comparison of risk factors and perinatal outcomes in early onset and late onset preeclampsia: A cohort based study in Reunion Island.,Sem comparação PE precoce vs tardia com desfecho cardiovascular materno após a gestação.,https://pubmed.ncbi.nlm.nih.gov/28858635/
D,D - Excluído,Excluído,28871576,10.4414/smw.2017.14498,2017,Swiss Med Wkly,Mosimann B,Journal Article; Validation Study,First trimester combined screening for preeclampsia and small for gestational age - a single centre experience and validation of the FMF screening algorithm.,Sem comparação PE precoce vs tardia com desfecho cardiovascular materno após a gestação.,https://pubmed.ncbi.nlm.nih.gov/28871576/
D,D - Excluído,Excluído,28941881,10.1016/j.jri.2017.09.006,2017,J Reprod Immunol,Robillard PY,Historical Article; Journal Article; Review,Historical evolution of ideas on eclampsia/preeclampsia: A proposed optimistic view of preeclampsia.,Sem comparação PE precoce vs tardia com desfecho cardiovascular materno após a gestação.,https://pubmed.ncbi.nlm.nih.gov/28941881/
D,D - Excluído,Excluído,28962690,10.1016/j.placenta.2017.08.070,2017,Placenta,Herzog EM,Journal Article,Early- and late-onset preeclampsia and the tissue-specific epigenome of the placenta and newborn.,Sem comparação PE precoce vs tardia com desfecho cardiovascular materno após a gestação.,https://pubmed.ncbi.nlm.nih.gov/28962690/
D,D - Excluído,Excluído,29172803,10.1080/10641963.2017.1407330,2017,Clin Exp Hypertens,He D,Journal Article,High normal blood pressure in early pregnancy also contribute to early onset preeclampsia and severe preeclampsia.,Sem comparação PE precoce vs tardia com desfecho cardiovascular materno após a gestação.,https://pubmed.ncbi.nlm.nih.gov/29172803/
D,D - Excluído,Excluído,29291358,10.34763/devperiodmed.20172104.309316,2017,Dev Period Med,Schneider H,Journal Article,Placental Dysfunction as a Key Element in the Pathogenesis of Preeclampsia.,Sem comparação PE precoce vs tardia com desfecho cardiovascular materno após a gestação.,https://pubmed.ncbi.nlm.nih.gov/29291358/
D,D - Excluído,Excluído,26731265,10.1371/journal.pone.0146126,2016,PLoS One,Ying H,"Journal Article; Research Support, Non-U.S. Gov't",Effect of Placenta Previa on Preeclampsia.,Sem comparação PE precoce vs tardia com desfecho cardiovascular materno após a gestação.,https://pubmed.ncbi.nlm.nih.gov/26731265/
D,D - Excluído,Excluído,26844488,10.1097/MD.0000000000002653,2016,Medicine (Baltimore),Cheng PJ,"Journal Article; Research Support, Non-U.S. Gov't",Prognostic Value of Cardiovascular Disease Risk Factors Measured in the First-Trimester on the Severity of Preeclampsia.,Sem comparação PE precoce vs tardia com desfecho cardiovascular materno após a gestação.,https://pubmed.ncbi.nlm.nih.gov/26844488/
D,D - Excluído,Excluído,27116985,10.3760/cma.j.issn.0529-567X.2016.04.006,2016,Zhonghua Fu Chan Ke Za Zhi,Meng R,Journal Article,"[Variation of long-chain 3-hydroxyacyl CoA dehydrogenase DNA methylated modification and correlation with gene mRNA expression of early-onset preeclampsia, HELLP syndrome and antiphospholipid syndrome in trophoblast cells of placenta].",Sem comparação PE precoce vs tardia com desfecho cardiovascular materno após a gestação.,https://pubmed.ncbi.nlm.nih.gov/27116985/
D,D - Excluído,Excluído,27173354,10.4238/gmr.15028114,2016,Genet Mol Res,Guo LF,Journal Article,Common variant rs7579169 is associated with preeclampsia in Han Chinese women.,Sem comparação PE precoce vs tardia com desfecho cardiovascular materno após a gestação.,https://pubmed.ncbi.nlm.nih.gov/27173354/
D,D - Excluído,Excluído,27251704,10.1007/s11906-016-0664-3,2016,Curr Hypertens Rep,Katsi V,Journal Article; Review,Aspirin vs Heparin for the Prevention of Preeclampsia.,Sem comparação PE precoce vs tardia com desfecho cardiovascular materno após a gestação.,https://pubmed.ncbi.nlm.nih.gov/27251704/
D,D - Excluído,Excluído,27899314,10.1016/j.ajog.2016.11.1043,2016,Am J Obstet Gynecol,Auger N,"Journal Article; Research Support, Non-U.S. Gov't",Preeclampsia and the risk of cataract extraction in life.,"Desfecho não cardiovascular (extração de catarata), estratificado pelo início da PE - mesma coorte de Quebec.",https://pubmed.ncbi.nlm.nih.gov/27899314/
D,D - Excluído,Excluído,27998690,10.1016/j.jogc.2016.10.007,2016,J Obstet Gynaecol Can,Ray JG,Journal Article,Preeclampsia and Preterm Birth Associated With Visceral Adiposity in Early Pregnancy.,Sem comparação PE precoce vs tardia com desfecho cardiovascular materno após a gestação.,https://pubmed.ncbi.nlm.nih.gov/27998690/
D,D - Excluído,Excluído,28012458,10.1016/j.placenta.2016.11.014,2016,Placenta,Herzog EM,"Journal Article; Research Support, Non-U.S. Gov't",Impact of early- and late-onset preeclampsia on features of placental and newborn vascular health.,Sem comparação PE precoce vs tardia com desfecho cardiovascular materno após a gestação.,https://pubmed.ncbi.nlm.nih.gov/28012458/
D,D - Excluído,Excluído,25626412,10.1038/ejcn.2014.295,2015,Eur J Clin Nutr,Wang Y,"Journal Article; Research Support, N.I.H., Extramural; Research Support, Non-U.S. Gov't","Folic acid supplementation and dietary folate intake, and risk of preeclampsia.",Sem comparação PE precoce vs tardia com desfecho cardiovascular materno após a gestação.,https://pubmed.ncbi.nlm.nih.gov/25626412/
D,D - Excluído,Excluído,25634310,10.1159/000366059,2015,Fetal Diagn Ther,Alves JA,Journal Article; Observational Study,Brachial Artery Flow Mediated Dilation in the First Trimester to Predict the Occurrence of Hypertensive Disorders during Pregnancy.,Sem comparação PE precoce vs tardia com desfecho cardiovascular materno após a gestação.,https://pubmed.ncbi.nlm.nih.gov/25634310/
D,D - Excluído,Excluído,25693057,10.1097/HJH.0000000000000521,2015,J Hypertens,Yang J,"Journal Article; Research Support, Non-U.S. Gov't",Angiotensin II type 1 receptor autoantibody as a novel regulator of aldosterone independent of preeclampsia.,Sem comparação PE precoce vs tardia com desfecho cardiovascular materno após a gestação.,https://pubmed.ncbi.nlm.nih.gov/25693057/
D,D - Excluído,Excluído,25806090,10.1186/s13148-015-0052-x,2015,Clin Epigenetics,Ching T,Journal Article,Genome-scale hypomethylation in the cord blood DNAs associated with early onset preeclampsia.,Sem comparação PE precoce vs tardia com desfecho cardiovascular materno após a gestação.,https://pubmed.ncbi.nlm.nih.gov/25806090/
D,D - Excluído,Excluído,25877604,,2015,Zhonghua Fu Chan Ke Za Zhi,Li F,Journal Article,"[The changes of LCHAD in preeclampsia with different clinical features and the correlation with NADPH P47-phox, p38MAPK-α, COX-2 and serum FFA and TG].",Sem comparação PE precoce vs tardia com desfecho cardiovascular materno após a gestação.,https://pubmed.ncbi.nlm.nih.gov/25877604/
D,D - Excluído,Excluído,25892082,10.1016/j.ejogrb.2015.02.002,2015,Eur J Obstet Gynecol Reprod Biol,Bijvank SW,Journal Article; Randomized Controlled Trial,Ketanserin versus dihydralazine for the treatment of severe hypertension in early-onset preeclampsia: a double blind randomized controlled trial.,Sem comparação PE precoce vs tardia com desfecho cardiovascular materno após a gestação.,https://pubmed.ncbi.nlm.nih.gov/25892082/
D,D - Excluído,Excluído,25915203,10.1097/ACO.0000000000000190,2015,Curr Opin Anaesthesiol,Langesæter E,Journal Article; Review,The role of cardiac output monitoring in obstetric anesthesia.,Sem comparação PE precoce vs tardia com desfecho cardiovascular materno após a gestação.,https://pubmed.ncbi.nlm.nih.gov/25915203/
D,D - Excluído,Excluído,25946029,10.1210/jc.2014-3969,2015,J Clin Endocrinol Metab,Singh H,"Journal Article; Research Support, Non-U.S. Gov't","Human HtrA4 Expression Is Restricted to the Placenta, Is Significantly Up-Regulated in Early-Onset Preeclampsia, and High Levels of HtrA4 Cause Endothelial Dysfunction.",Sem comparação PE precoce vs tardia com desfecho cardiovascular materno após a gestação.,https://pubmed.ncbi.nlm.nih.gov/25946029/
D,D - Excluído,Excluído,26287782,10.1097/01.AOG.0000471175.95314.42,2015,Obstet Gynecol,,Journal Article; Review,Committee Opinion Summary No. 638: First-Trimester Risk Assessment for Early-Onset Preeclampsia.,Sem comparação PE precoce vs tardia com desfecho cardiovascular materno após a gestação.,https://pubmed.ncbi.nlm.nih.gov/26287782/
D,D - Excluído,Excluído,26287789,10.1097/AOG.0000000000001049,2015,Obstet Gynecol,,Journal Article; Review,Committee Opinion No. 638: First-Trimester Risk Assessment for Early-Onset Preeclampsia.,Sem comparação PE precoce vs tardia com desfecho cardiovascular materno após a gestação.,https://pubmed.ncbi.nlm.nih.gov/26287789/
D,D - Excluído,Excluído,26311451,,2015,Zhonghua Fu Chan Ke Za Zhi,Yang P,Case Reports; Journal Article,[Maternal and fetal outcomes with aortic dissection in pregnant patients with Marfan syndrome].,Sem comparação PE precoce vs tardia com desfecho cardiovascular materno após a gestação.,https://pubmed.ncbi.nlm.nih.gov/26311451/
D,D - Excluído,Excluído,26333286,10.3109/14767058.2015.1075200,2015,J Matern Fetal Neonatal Med,Vinayagam V,"Journal Article; Research Support, Non-U.S. Gov't",Plasma markers of endothelial dysfunction in patients with hypertensive disorders of pregnancy: a pilot study in a South Indian population.,Sem comparação PE precoce vs tardia com desfecho cardiovascular materno após a gestação.,https://pubmed.ncbi.nlm.nih.gov/26333286/
D,D - Excluído,Excluído,26479038,10.1111/ppe.12252,2015,Paediatr Perinat Epidemiol,Brodwall K,"Journal Article; Research Support, Non-U.S. Gov't",Possible Common Aetiology behind Maternal Preeclampsia and Congenital Heart Defects in the Child: a Cardiovascular Diseases in Norway Project Study.,Sem comparação PE precoce vs tardia com desfecho cardiovascular materno após a gestação.,https://pubmed.ncbi.nlm.nih.gov/26479038/
D,D - Excluído,Excluído,26501535,10.1001/jama.2015.12505,2015,JAMA,Auger N,"Journal Article; Research Support, Non-U.S. Gov't",Association Between Preeclampsia and Congenital Heart Defects.,Sem comparação PE precoce vs tardia com desfecho cardiovascular materno após a gestação.,https://pubmed.ncbi.nlm.nih.gov/26501535/
D,D - Excluído,Excluído,26694356,10.3390/ijms161226201,2015,Int J Mol Sci,Kim HJ,Journal Article,Quantification and Application of Potential Epigenetic Markers in Maternal Plasma of Pregnancies with Hypertensive Disorders.,Sem comparação PE precoce vs tardia com desfecho cardiovascular materno após a gestação.,https://pubmed.ncbi.nlm.nih.gov/26694356/
D,D - Excluído,Excluído,24351805,10.1097/HJH.0000000000000027,2014,J Hypertens,van Rijn BB,"Journal Article; Research Support, Non-U.S. Gov't",C-reactive protein and fibrinogen levels as determinants of recurrent preeclampsia: a prospective cohort study.,"Desfecho e recorrência de PE, não evento cardiovascular.",https://pubmed.ncbi.nlm.nih.gov/24351805/
D,D - Excluído,Excluído,24535301,10.1515/cclm-2013-0955,2014,Clin Chem Lab Med,Forest JC,"Journal Article; Research Support, Non-U.S. Gov't",Soluble Fms-like tyrosine kinase-1 to placental growth factor ratio in mid-pregnancy as a predictor of preterm preeclampsia in asymptomatic pregnant women.,Sem comparação PE precoce vs tardia com desfecho cardiovascular materno após a gestação.,https://pubmed.ncbi.nlm.nih.gov/24535301/
D,D - Excluído,Excluído,24637620,10.1371/journal.pone.0091923,2014,PLoS One,Austdal M,"Journal Article; Research Support, Non-U.S. Gov't",Metabolomic biomarkers in serum and urine in women with preeclampsia.,Sem comparação PE precoce vs tardia com desfecho cardiovascular materno após a gestação.,https://pubmed.ncbi.nlm.nih.gov/24637620/
D,D - Excluído,Excluído,24746997,10.1016/j.ajog.2014.04.018,2014,Am J Obstet Gynecol,Baschat AA,"Journal Article; Research Support, Non-U.S. Gov't",Prediction of preeclampsia utilizing the first trimester screening examination.,Sem comparação PE precoce vs tardia com desfecho cardiovascular materno após a gestação.,https://pubmed.ncbi.nlm.nih.gov/24746997/
D,D - Excluído,Excluído,24846698,10.3109/14767058.2014.916673,2014,J Matern Fetal Neonatal Med,Mesens T,Case Reports; Journal Article,Maternal venous hemodynamics assessment for prediction of preeclampsia should be longitudinal.,Sem comparação PE precoce vs tardia com desfecho cardiovascular materno após a gestação.,https://pubmed.ncbi.nlm.nih.gov/24846698/
D,D - Excluído,Excluído,23452733,10.1016/S0049-3848(13)70013-6,2013,Thromb Res,Kovo M,Journal Article; Review,Placental vascular pathology as a mechanism of disease in pregnancy complications.,Sem comparação PE precoce vs tardia com desfecho cardiovascular materno após a gestação.,https://pubmed.ncbi.nlm.nih.gov/23452733/
D,D - Excluído,Excluído,23993394,10.1016/j.placenta.2013.08.006,2013,Placenta,Keikkala E,Journal Article,First trimester hyperglycosylated human chorionic gonadotrophin in serum - a marker of early-onset preeclampsia.,Sem comparação PE precoce vs tardia com desfecho cardiovascular materno após a gestação.,https://pubmed.ncbi.nlm.nih.gov/23993394/
D,D - Excluído,Excluído,24091485,10.1007/s00404-013-3039-x,2013,Arch Gynecol Obstet,Yu H,Journal Article,The relationship between maternal serum prenatal screening combined with epidemiological study and early onset preeclampsia.,Sem comparação PE precoce vs tardia com desfecho cardiovascular materno após a gestação.,https://pubmed.ncbi.nlm.nih.gov/24091485/
D,D - Excluído,Excluído,24165327,10.1177/1099800413508645,2013,Biol Res Nurs,Anderson CM,"Journal Article; Research Support, Non-U.S. Gov't",DNA methylation as a biomarker for preeclampsia.,Sem comparação PE precoce vs tardia com desfecho cardiovascular materno após a gestação.,https://pubmed.ncbi.nlm.nih.gov/24165327/
D,D - Excluído,Excluído,22311907,10.1161/HYPERTENSIONAHA.111.181735,2012,Hypertension,Perni U,"Journal Article; Randomized Controlled Trial; Research Support, N.I.H., Extramural",Angiogenic factors in superimposed preeclampsia: a longitudinal study of women with chronic hypertension during pregnancy.,Sem comparação PE precoce vs tardia com desfecho cardiovascular materno após a gestação.,https://pubmed.ncbi.nlm.nih.gov/22311907/
D,D - Excluído,Excluído,26105611,10.1016/j.preghy.2012.03.002,2012,Pregnancy Hypertens,Sugulle M,Journal Article,Cardiovascular risk markers in pregnancies complicated by diabetes mellitus or preeclampsia.,Sem comparação PE precoce vs tardia com desfecho cardiovascular materno após a gestação.,https://pubmed.ncbi.nlm.nih.gov/26105611/
D,D - Excluído,Excluído,21252803,10.1097/AOG.0b013e3182061fc2,2011,Obstet Gynecol,Hong MK,Case Reports; Journal Article,"Parathyroid adenoma with hypertensive crisis and intracerebral hemorrhage mimicking hemolysis, elevated liver enzymes, low platelets syndrome.",Sem comparação PE precoce vs tardia com desfecho cardiovascular materno após a gestação.,https://pubmed.ncbi.nlm.nih.gov/21252803/
D,D - Excluído,Excluído,21415724,10.1097/ACO.0b013e32834588c5,2011,Curr Opin Anaesthesiol,Langesæter E,Journal Article; Review,Maternal haemodynamic changes during spinal anaesthesia for caesarean section.,Sem comparação PE precoce vs tardia com desfecho cardiovascular materno após a gestação.,https://pubmed.ncbi.nlm.nih.gov/21415724/
D,D - Excluído,Excluído,21673281,10.1177/1933719111410708,2011,Reprod Sci,van Kuijk SM,"Journal Article; Research Support, Non-U.S. Gov't",A model for preconceptional prediction of recurrent early-onset preeclampsia: derivation and internal validation.,Sem comparação PE precoce vs tardia com desfecho cardiovascular materno após a gestação.,https://pubmed.ncbi.nlm.nih.gov/21673281/
D,D - Excluído,Excluído,21792337,10.2147/IJWH.S18033,2011,Int J Womens Health,Verheugt FW,Journal Article,The role of aspirin in women's health.,Sem comparação PE precoce vs tardia com desfecho cardiovascular materno após a gestação.,https://pubmed.ncbi.nlm.nih.gov/21792337/
D,D - Excluído,Excluído,20214506,10.3109/08977191003662651,2010,Growth Factors,Zhao W,Journal Article,Levels of antiangiogenic factors in preeclamptic pregnancies.,Sem comparação PE precoce vs tardia com desfecho cardiovascular materno após a gestação.,https://pubmed.ncbi.nlm.nih.gov/20214506/
D,D - Excluído,Excluído,20357423,10.1159/000305096,2010,Fetal Diagn Ther,Braun T,Case Reports; Journal Article; Systematic Review,"Mirror syndrome: a systematic review of fetal associated conditions, maternal presentation and perinatal outcome.",Sem comparação PE precoce vs tardia com desfecho cardiovascular materno após a gestação.,https://pubmed.ncbi.nlm.nih.gov/20357423/
D,D - Excluído,Excluído,20502423,,2010,Minerva Ginecol,Lamarca B,Journal Article,The role of immune activation in contributing to vascular dysfunction and the pathophysiology of hypertension during preeclampsia.,Sem comparação PE precoce vs tardia com desfecho cardiovascular materno após a gestação.,https://pubmed.ncbi.nlm.nih.gov/20502423/
D,D - Excluído,Excluído,20537304,10.1016/j.ajog.2010.04.020,2010,Am J Obstet Gynecol,Algert CS,"Journal Article; Research Support, Non-U.S. Gov't",Seasonal variation in pregnancy hypertension is correlated with sunlight intensity.,Sem comparação PE precoce vs tardia com desfecho cardiovascular materno após a gestação.,https://pubmed.ncbi.nlm.nih.gov/20537304/
D,D - Excluído,Excluído,20587434,10.7863/jum.2010.29.7.1103,2010,J Ultrasound Med,Espinoza J,"Journal Article; Research Support, N.I.H., Intramural","Should bilateral uterine artery notching be used in the risk assessment for preeclampsia, small-for-gestational-age, and gestational hypertension?",Sem comparação PE precoce vs tardia com desfecho cardiovascular materno após a gestação.,https://pubmed.ncbi.nlm.nih.gov/20587434/
D,D - Excluído,Excluído,19318931,10.1097/ACO.0b013e32832a1d05,2009,Curr Opin Anaesthesiol,Gogarten W,Journal Article; Review,Preeclampsia and anaesthesia.,Sem comparação PE precoce vs tardia com desfecho cardiovascular materno após a gestação.,https://pubmed.ncbi.nlm.nih.gov/19318931/
D,D - Excluído,Excluído,19375795,10.1016/j.placenta.2009.02.009,2009,Placenta,Burton GJ,"Journal Article; Research Support, Non-U.S. Gov't; Review",Rheological and physiological consequences of conversion of the maternal spiral arteries for uteroplacental blood flow during human pregnancy.,Sem comparação PE precoce vs tardia com desfecho cardiovascular materno após a gestação.,https://pubmed.ncbi.nlm.nih.gov/19375795/
D,D - Excluído,Excluído,18259010,10.1161/HYPERTENSIONAHA.107.107565,2008,Hypertension,Chappell LC,"Journal Article; Randomized Controlled Trial; Research Support, Non-U.S. Gov't",Adverse perinatal outcomes and risk factors for preeclampsia in women with chronic hypertension: a prospective study.,Sem comparação PE precoce vs tardia com desfecho cardiovascular materno após a gestação.,https://pubmed.ncbi.nlm.nih.gov/18259010/
D,D - Excluído,Excluído,18949985,,2008,Rev Med Brux,Leeman M,English Abstract; Journal Article,[Arterial hypertension in pregnancy].,Sem comparação PE precoce vs tardia com desfecho cardiovascular materno após a gestação.,https://pubmed.ncbi.nlm.nih.gov/18949985/
D,D - Excluído,Excluído,16678332,10.1016/j.ejogrb.2006.02.019,2006,Eur J Obstet Gynecol Reprod Biol,Rigó J,"Journal Article; Research Support, Non-U.S. Gov't",Family history of early-onset cardiovascular disorders is associated with a higher risk of severe preeclampsia.,Sem comparação PE precoce vs tardia com desfecho cardiovascular materno após a gestação.,https://pubmed.ncbi.nlm.nih.gov/16678332/
D,D - Excluído,Excluído,17065036,10.1080/10641950600912927,2006,Hypertens Pregnancy,Metsaars WP,Journal Article; Randomized Controlled Trial,Increased sympathetic activity present in early hypertensive pregnancy is not lowered by plasma volume expansion.,Sem comparação PE precoce vs tardia com desfecho cardiovascular materno após a gestação.,https://pubmed.ncbi.nlm.nih.gov/17065036/
D,D - Excluído,Excluído,14998977,10.1093/humrep/deh091,2004,Hum Reprod,Saisto T,Case Reports; Journal Article,"Clinical cure of severe, early onset preeclampsia with low molecular weight heparin therapy in primigravida with hyperreactio luteinalis and thrombophilia.",Sem comparação PE precoce vs tardia com desfecho cardiovascular materno após a gestação.,https://pubmed.ncbi.nlm.nih.gov/14998977/
D,D - Excluído,Excluído,12634661,10.1067/mob.2003.173,2003,Am J Obstet Gynecol,Blackburn CA,"Journal Article; Research Support, Non-U.S. Gov't",Maternal serum activin A is not elevated before preeclampsia in women who are at high risk.,Sem comparação PE precoce vs tardia com desfecho cardiovascular materno após a gestação.,https://pubmed.ncbi.nlm.nih.gov/12634661/
D,D - Excluído,Excluído,11857095,10.1055/s-2002-20172,2002,Am J Perinatol,Bloomenthal D,Journal Article; Review,Obstetric implications of the factor V leiden mutation: a review.,Sem comparação PE precoce vs tardia com desfecho cardiovascular materno após a gestação.,https://pubmed.ncbi.nlm.nih.gov/11857095/
D,D - Excluído,Excluído,11969345,10.1053/plac.2001.0785,2002,Placenta,Sikkema JM,Journal Article,Placental pathology in early onset pre-eclampsia and intra-uterine growth restriction in women with and without thrombophilia.,Sem comparação PE precoce vs tardia com desfecho cardiovascular materno após a gestação.,https://pubmed.ncbi.nlm.nih.gov/11969345/
D,D - Excluído,Excluído,11165727,10.1016/s0301-2115(00)00332-8,2001,Eur J Obstet Gynecol Reprod Biol,Withagen MI,Journal Article,Neonatal outcome of temporizing treatment in early-onset preeclampsia.,Sem comparação PE precoce vs tardia com desfecho cardiovascular materno após a gestação.,https://pubmed.ncbi.nlm.nih.gov/11165727/
D,D - Excluído,Excluído,11248284,10.1016/s0049-3848(00)00413-8,2001,Thromb Res,Bar J,Journal Article,Effect of thrombophylaxis on uterine and fetal circulation in pregnant women with a history of pregnancy complications.,Sem comparação PE precoce vs tardia com desfecho cardiovascular materno após a gestação.,https://pubmed.ncbi.nlm.nih.gov/11248284/
D,D - Excluído,Excluído,10854861,10.1016/s0020-7292(00)00202-2,2000,Int J Gynaecol Obstet,Bar J,Clinical Trial; Comparative Study; Controlled Clinical Trial; Journal Article,Low-molecular-weight heparin for thrombophilia in pregnant women.,Sem comparação PE precoce vs tardia com desfecho cardiovascular materno após a gestação.,https://pubmed.ncbi.nlm.nih.gov/10854861/
D,D - Excluído,Excluído,10975485,10.1097/00006254-200009000-00024,2000,Obstet Gynecol Surv,Steyn DW,Journal Article; Review,Serotonin antagonism and serotonin antagonists in pregnancy: role of ketanserin.,Sem comparação PE precoce vs tardia com desfecho cardiovascular materno após a gestação.,https://pubmed.ncbi.nlm.nih.gov/10975485/
D,D - Excluído,Excluído,9814682,10.1177/096120339800700221,1998,Lupus,Cowchock S,Journal Article; Review,Treatment of antiphospholipid syndrome in pregnancy.,Sem comparação PE precoce vs tardia com desfecho cardiovascular materno após a gestação.,https://pubmed.ncbi.nlm.nih.gov/9814682/
D,D - Excluído,Excluído,8803899,10.1177/096120339600500315,1996,Lupus,Airoldi ML,Case Reports; Journal Article; Review,Post-partum dilated cardiomyopathy in anti-phospholipid positive woman.,Sem comparação PE precoce vs tardia com desfecho cardiovascular materno após a gestação.,https://pubmed.ncbi.nlm.nih.gov/8803899/
D,D - Excluído,Excluído,7485291,10.1016/0002-9378(95)91324-6,1995,Am J Obstet Gynecol,Dekker GA,Journal Article,Underlying disorders associated with severe early-onset preeclampsia.,Sem comparação PE precoce vs tardia com desfecho cardiovascular materno após a gestação.,https://pubmed.ncbi.nlm.nih.gov/7485291/
D,D - Excluído,Excluído,2187247,,1990,Semin Perinatol,Branch DW,"Journal Article; Research Support, U.S. Gov't, P.H.S.; Review",Antiphospholipid antibodies and pregnancy: maternal implications.,Sem comparação PE precoce vs tardia com desfecho cardiovascular materno após a gestação.,https://pubmed.ncbi.nlm.nih.gov/2187247/
